Stock,Percentage Change (%),Volume Change (%)
BFUTILITIE,4.216806552735355,-91.47511845446161
ARE&M,2.031860756692968,-91.45809754698125
