Stock,Percentage Change (%),Volume Change (%)
FINPIPE,5.411374930977378,-90.38491850403273
JKLAKSHMI,3.801525738829409,-95.88995382831133
ECLERX,2.9952010590766176,-92.35232679586863
NATCOPHARM,2.4225414527862887,-93.15531121146672
NBCC,2.378627851246998,-92.18590099660689
